Time,Irradiance Irradiance,Irradiance Irradiance_LS,Irradiance Irradiance_SPA
22/7/2023 0:01,0,0,0
22/7/2023 0:02,0,0,0
22/7/2023 0:03,0,0,0
22/7/2023 0:04,0,0,0
22/7/2023 0:05,0,0,0
22/7/2023 0:06,0,0,0
22/7/2023 0:07,0,0,0
22/7/2023 0:08,0,0,0
22/7/2023 0:09,0,0,0
22/7/2023 0:10,0,0,0
22/7/2023 0:11,0,0,0
22/7/2023 0:12,0,0,0
22/7/2023 0:13,0,0,0
22/7/2023 0:14,0,0,0
22/7/2023 0:15,0,0,0
22/7/2023 0:16,0,0,0
22/7/2023 0:17,0,0,0
22/7/2023 0:18,0,0,0
22/7/2023 0:19,0,0,0
22/7/2023 0:20,0,0,0
22/7/2023 0:21,0,0,0
22/7/2023 0:22,0,0,0
22/7/2023 0:23,0,0,0
22/7/2023 0:24,0,0,0
22/7/2023 0:25,0,0,0
22/7/2023 0:26,0,0,0
22/7/2023 0:27,0,0,0
22/7/2023 0:28,0,0,0
22/7/2023 0:29,0,0,0
22/7/2023 0:30,0,0,0
22/7/2023 0:31,0,0,0
22/7/2023 0:32,0,0,0
22/7/2023 0:33,0,0,0
22/7/2023 0:34,0,0,0
22/7/2023 0:35,0,0,0
22/7/2023 0:36,0,0,0
22/7/2023 0:37,0,0,0
22/7/2023 0:38,0,0,0
22/7/2023 0:39,0,0,0
22/7/2023 0:40,0,0,0
22/7/2023 0:41,0,0,0
22/7/2023 0:42,0,0,0
22/7/2023 0:43,0,0,0
22/7/2023 0:44,0,0,0
22/7/2023 0:45,0,0,0
22/7/2023 0:46,0,0,0
22/7/2023 0:47,0,0,0
22/7/2023 0:48,0,0,0
22/7/2023 0:49,0,0,0
22/7/2023 0:50,0,0,0
22/7/2023 0:51,0,0,0
22/7/2023 0:52,0,0,0
22/7/2023 0:53,0,0,0
22/7/2023 0:54,0,0,0
22/7/2023 0:55,0,0,0
22/7/2023 0:56,0,0,0
22/7/2023 0:57,0,0,0
22/7/2023 0:58,0,0,0
22/7/2023 0:59,0,0,0
22/7/2023 1:00,0,0,0
22/7/2023 1:01,0,0,0
22/7/2023 1:02,0,0,0
22/7/2023 1:03,0,0,0
22/7/2023 1:04,0,0,0
22/7/2023 1:05,0,0,0
22/7/2023 1:06,0,0,0
22/7/2023 1:07,0,0,0
22/7/2023 1:08,0,0,0
22/7/2023 1:09,0,0,0
22/7/2023 1:10,0,0,0
22/7/2023 1:11,0,0,0
22/7/2023 1:12,0,0,0
22/7/2023 1:13,0,0,0
22/7/2023 1:14,0,0,0
22/7/2023 1:15,0,0,0
22/7/2023 1:16,0,0,0
22/7/2023 1:17,0,0,0
22/7/2023 1:18,0,0,0
22/7/2023 1:19,0,0,0
22/7/2023 1:20,0,0,0
22/7/2023 1:21,0,0,0
22/7/2023 1:22,0,0,0
22/7/2023 1:23,0,0,0
22/7/2023 1:24,0,0,0
22/7/2023 1:25,0,0,0
22/7/2023 1:26,0,0,0
22/7/2023 1:27,0,0,0
22/7/2023 1:28,0,0,0
22/7/2023 1:29,0,0,0
22/7/2023 1:30,0,0,0
22/7/2023 1:31,0,0,0
22/7/2023 1:32,0,0,0
22/7/2023 1:33,0,0,0
22/7/2023 1:34,0,0,0
22/7/2023 1:35,0,0,0
22/7/2023 1:36,0,0,0
22/7/2023 1:37,0,0,0
22/7/2023 1:38,0,0,0
22/7/2023 1:39,0,0,0
22/7/2023 1:40,0,0,0
22/7/2023 1:41,0,0,0
22/7/2023 1:42,0,0,0
22/7/2023 1:43,0,0,0
22/7/2023 1:44,0,0,0
22/7/2023 1:45,0,0,0
22/7/2023 1:46,0,0,0
22/7/2023 1:47,0,0,0
22/7/2023 1:48,0,0,0
22/7/2023 1:49,0,0,0
22/7/2023 1:50,0,0,0
22/7/2023 1:51,0,0,0
22/7/2023 1:52,0,0,0
22/7/2023 1:53,0,0,0
22/7/2023 1:54,0,0,0
22/7/2023 1:55,0,0,0
22/7/2023 1:56,0,0,0
22/7/2023 1:57,0,0,0
22/7/2023 1:58,0,0,0
22/7/2023 1:59,0,0,0
22/7/2023 2:00,0,0,0
22/7/2023 2:01,0,0,0
22/7/2023 2:02,0,0,0
22/7/2023 2:03,0,0,0
22/7/2023 2:04,0,0,0
22/7/2023 2:05,0,0,0
22/7/2023 2:06,0,0,0
22/7/2023 2:07,0,0,0
22/7/2023 2:08,0,0,0
22/7/2023 2:09,0,0,0
22/7/2023 2:10,0,0,0
22/7/2023 2:11,0,0,0
22/7/2023 2:12,0,0,0
22/7/2023 2:13,0,0,0
22/7/2023 2:14,0,0,0
22/7/2023 2:15,0,0,0
22/7/2023 2:16,0,0,0
22/7/2023 2:17,0,0,0
22/7/2023 2:18,0,0,0
22/7/2023 2:19,0,0,0
22/7/2023 2:20,0,0,0
22/7/2023 2:21,0,0,0
22/7/2023 2:22,0,0,0
22/7/2023 2:23,0,0,0
22/7/2023 2:24,0,0,0
22/7/2023 2:25,0,0,0
22/7/2023 2:26,0,0,0
22/7/2023 2:27,0,0,0
22/7/2023 2:28,0,0,0
22/7/2023 2:29,0,0,0
22/7/2023 2:30,0,0,0
22/7/2023 2:31,0,0,0
22/7/2023 2:32,0,0,0
22/7/2023 2:33,0,0,0
22/7/2023 2:34,0,0,0
22/7/2023 2:35,0,0,0
22/7/2023 2:36,0,0,0
22/7/2023 2:37,0,0,0
22/7/2023 2:38,0,0,0
22/7/2023 2:39,0,0,0
22/7/2023 2:40,0,0,0
22/7/2023 2:41,0,0,0
22/7/2023 2:42,0,0,0
22/7/2023 2:43,0,0,0
22/7/2023 2:44,0,0,0
22/7/2023 2:45,0,0,0
22/7/2023 2:46,0,0,0
22/7/2023 2:47,0,0,0
22/7/2023 2:48,0,0,0
22/7/2023 2:49,0,0,0
22/7/2023 2:50,0,0,0
22/7/2023 2:51,0,0,0
22/7/2023 2:52,0,0,0
22/7/2023 2:53,0,0,0
22/7/2023 2:54,0,0,0
22/7/2023 2:55,0,0,0
22/7/2023 2:56,0,0,0
22/7/2023 2:57,0,0,0
22/7/2023 2:58,0,0,0
22/7/2023 2:59,0,0,0
22/7/2023 3:00,0,0,0
22/7/2023 3:01,0,0,0
22/7/2023 3:02,0,0,0
22/7/2023 3:03,0,0,0
22/7/2023 3:04,0,0,0
22/7/2023 3:05,0,0,0
22/7/2023 3:06,0,0,0
22/7/2023 3:07,0,0,0
22/7/2023 3:08,0,0,0
22/7/2023 3:09,0,0,0
22/7/2023 3:10,0,0,0
22/7/2023 3:11,0,0,0
22/7/2023 3:12,0,0,0
22/7/2023 3:13,0,0,0
22/7/2023 3:14,0,0,0
22/7/2023 3:15,0,0,0
22/7/2023 3:16,0,0,0
22/7/2023 3:17,0,0,0
22/7/2023 3:18,0,0,0
22/7/2023 3:19,0,0,0
22/7/2023 3:20,0,0,0
22/7/2023 3:21,0,0,0
22/7/2023 3:22,0,0,0
22/7/2023 3:23,0,0,0
22/7/2023 3:24,0,0,0
22/7/2023 3:25,0,0,0
22/7/2023 3:26,0,0,0
22/7/2023 3:27,0,0,0
22/7/2023 3:28,0,0,0
22/7/2023 3:29,0,0,0
22/7/2023 3:30,0,0,0
22/7/2023 3:31,0,0,0
22/7/2023 3:32,0,0,0
22/7/2023 3:33,0,0,0
22/7/2023 3:34,0,0,0
22/7/2023 3:35,0,0,0
22/7/2023 3:36,0,0,0
22/7/2023 3:37,0,0,0
22/7/2023 3:38,0,0,0
22/7/2023 3:39,0,0,0
22/7/2023 3:40,0,0,0
22/7/2023 3:41,0,0,0
22/7/2023 3:42,0,0,0
22/7/2023 3:43,0,0,0
22/7/2023 3:44,0,0,0
22/7/2023 3:45,0,0,0
22/7/2023 3:46,0,0,0
22/7/2023 3:47,0,0,0
22/7/2023 3:48,0,0,0
22/7/2023 3:49,0,0,0
22/7/2023 3:50,0,0,0
22/7/2023 3:51,0,0,0
22/7/2023 3:52,0,0,0
22/7/2023 3:53,0,0,0
22/7/2023 3:54,0,0,0
22/7/2023 3:55,0,0,0
22/7/2023 3:56,0,0,0
22/7/2023 3:57,0,0,0
22/7/2023 3:58,0,0,0
22/7/2023 3:59,0,0,0
22/7/2023 4:00,0,0,0
22/7/2023 4:01,0,0,0
22/7/2023 4:02,0,0,0
22/7/2023 4:03,0,0,0
22/7/2023 4:04,0,0,0
22/7/2023 4:05,0,0,0
22/7/2023 4:06,0,0,0
22/7/2023 4:07,0,0,0
22/7/2023 4:08,0,0,0
22/7/2023 4:09,0,0,0
22/7/2023 4:10,0,0,0
22/7/2023 4:11,0,0,0
22/7/2023 4:12,0,0,0
22/7/2023 4:13,0,0,0
22/7/2023 4:14,0,0,0
22/7/2023 4:15,0,0,0
22/7/2023 4:16,0,0,0
22/7/2023 4:17,0,0,0
22/7/2023 4:18,0,0,0
22/7/2023 4:19,0,0,0
22/7/2023 4:20,0,0,0
22/7/2023 4:21,0,0,0
22/7/2023 4:22,0,0,0
22/7/2023 4:23,0,0,0
22/7/2023 4:24,0,0,0
22/7/2023 4:25,0,0,0
22/7/2023 4:26,0,0,0
22/7/2023 4:27,0,0,0
22/7/2023 4:28,0,0,0
22/7/2023 4:29,0,0,0
22/7/2023 4:30,0,0,0
22/7/2023 4:31,0,0,0
22/7/2023 4:32,0,0,0
22/7/2023 4:33,0,0,0
22/7/2023 4:34,0,0,0
22/7/2023 4:35,0,0,0
22/7/2023 4:36,0,0,0
22/7/2023 4:37,0,0,0
22/7/2023 4:38,0,0,0
22/7/2023 4:39,0,0,0
22/7/2023 4:40,0,0,0
22/7/2023 4:41,0,0,0
22/7/2023 4:42,0,0,0
22/7/2023 4:43,0,0,0
22/7/2023 4:44,0,0,0
22/7/2023 4:45,0,0,0
22/7/2023 4:46,0,0,0
22/7/2023 4:47,0,0,0
22/7/2023 4:48,0,0,0
22/7/2023 4:49,0,0,0
22/7/2023 4:50,0,0,0
22/7/2023 4:51,0,0,0
22/7/2023 4:52,0,0,0
22/7/2023 4:53,0,0,0
22/7/2023 4:54,0,0,0
22/7/2023 4:55,0,0,0
22/7/2023 4:56,0,0,0
22/7/2023 4:57,0,0,0
22/7/2023 4:58,0,0,0
22/7/2023 4:59,0,0,0
22/7/2023 5:00,0,0,0
22/7/2023 5:01,0,0,0
22/7/2023 5:02,0,0,0
22/7/2023 5:03,0,0,0
22/7/2023 5:04,0,0,0
22/7/2023 5:05,0,0,0
22/7/2023 5:06,0,0,0
22/7/2023 5:07,0,0,0
22/7/2023 5:08,0,0,0
22/7/2023 5:09,0,0,0
22/7/2023 5:10,0,0,0
22/7/2023 5:11,0,0,0
22/7/2023 5:12,0,0,0
22/7/2023 5:13,0,0,0
22/7/2023 5:14,0,0,0
22/7/2023 5:15,0,0,0
22/7/2023 5:16,0,0,0
22/7/2023 5:17,0,0,0
22/7/2023 5:18,0,0,0
22/7/2023 5:19,0,0,0
22/7/2023 5:20,0,0,0
22/7/2023 5:21,0,0,0
22/7/2023 5:22,0,0,0
22/7/2023 5:23,0,0,0
22/7/2023 5:24,0,0,0
22/7/2023 5:25,0,0,0
22/7/2023 5:26,0,0,0
22/7/2023 5:27,0,0,0
22/7/2023 5:28,0,0,0
22/7/2023 5:29,0,0,0
22/7/2023 5:30,0,0,0
22/7/2023 5:31,0,0,0
22/7/2023 5:32,0,0,0
22/7/2023 5:33,0,0,0
22/7/2023 5:34,0,0,0
22/7/2023 5:35,0,0,0
22/7/2023 5:36,0,0,0
22/7/2023 5:37,0,0,0
22/7/2023 5:38,0,0,0
22/7/2023 5:39,0,0,0
22/7/2023 5:40,0,0,0
22/7/2023 5:41,0,0,0
22/7/2023 5:42,0,0,0
22/7/2023 5:43,0,0,0
22/7/2023 5:44,0,0,0
22/7/2023 5:45,0,0,0
22/7/2023 5:46,0,0,0
22/7/2023 5:47,0,0,0
22/7/2023 5:48,0,0,0
22/7/2023 5:49,0,0,0
22/7/2023 5:50,0,0,0
22/7/2023 5:51,0,0,0
22/7/2023 5:52,0,0,0
22/7/2023 5:53,0,0,0
22/7/2023 5:54,0,0,0
22/7/2023 5:55,0,0,0
22/7/2023 5:56,0,0,0
22/7/2023 5:57,0,0,0
22/7/2023 5:58,0,0,0
22/7/2023 5:59,0,0,0
22/7/2023 6:00,0,0,0
22/7/2023 6:01,0,0,0
22/7/2023 6:02,0,0,0
22/7/2023 6:03,0,0,0
22/7/2023 6:04,0,0,0
22/7/2023 6:05,0,0,0
22/7/2023 6:06,0,0,0
22/7/2023 6:07,0,0,0
22/7/2023 6:08,0,0,0
22/7/2023 6:09,0,0,0
22/7/2023 6:10,0,0,0
22/7/2023 6:11,0,0,0
22/7/2023 6:12,0,0,0
22/7/2023 6:13,0,0,0
22/7/2023 6:14,0,0,0
22/7/2023 6:15,0,0,0
22/7/2023 6:16,0,0,0
22/7/2023 6:17,0,0,0
22/7/2023 6:18,0,0,0
22/7/2023 6:19,0,0,0
22/7/2023 6:20,0,0,0
22/7/2023 6:21,0,0,0
22/7/2023 6:22,0,0,0
22/7/2023 6:23,0,0,0
22/7/2023 6:24,0,0,0
22/7/2023 6:25,0,0,0
22/7/2023 6:26,0,0,0
22/7/2023 6:27,0,0,0
22/7/2023 6:28,0,0,0
22/7/2023 6:29,0,0,0
22/7/2023 6:30,0,0,0
22/7/2023 6:31,0,0,0
22/7/2023 6:32,0,0,0
22/7/2023 6:33,0,0,0
22/7/2023 6:34,0,0,0
22/7/2023 6:35,0,0,0
22/7/2023 6:36,0,0,0
22/7/2023 6:37,0,0,0
22/7/2023 6:38,0,0,0
22/7/2023 6:39,0,0,0
22/7/2023 6:40,0,0,0
22/7/2023 6:41,0,0,0
22/7/2023 6:42,0,0,0
22/7/2023 6:43,0,0,0
22/7/2023 6:44,0,0,0
22/7/2023 6:45,0,0,0
22/7/2023 6:46,0,0,0
22/7/2023 6:47,0,0,0
22/7/2023 6:48,0,0,0
22/7/2023 6:49,0,0,0
22/7/2023 6:50,0,0,0
22/7/2023 6:51,0,0,0
22/7/2023 6:52,0,0,0
22/7/2023 6:53,0,0,0
22/7/2023 6:54,0,0,0
22/7/2023 6:55,0,0,0
22/7/2023 6:56,0,0,0
22/7/2023 6:57,0,0,0
22/7/2023 6:58,0,0,0
22/7/2023 6:59,0,0,0
22/7/2023 7:00,0,0,0
22/7/2023 7:01,0,0,0
22/7/2023 7:02,0,0,0
22/7/2023 7:03,0,0,0
22/7/2023 7:04,0,0,0
22/7/2023 7:05,0,0,0
22/7/2023 7:06,0,0,0
22/7/2023 7:07,0,0,0
22/7/2023 7:08,0,0,0
22/7/2023 7:09,0,0,0
22/7/2023 7:10,0,0,0
22/7/2023 7:11,0,0,0
22/7/2023 7:12,0,0,0
22/7/2023 7:13,0,0,0
22/7/2023 7:14,0,0,0
22/7/2023 7:15,0,0,0
22/7/2023 7:16,0,0,0
22/7/2023 7:17,0,0,0
22/7/2023 7:18,0,0,0
22/7/2023 7:19,0,0,0
22/7/2023 7:20,0,0,1.47
22/7/2023 7:21,1.47,0,1.47
22/7/2023 7:22,1.47,0,1.47
22/7/2023 7:23,2.93,0,2.93
22/7/2023 7:24,2.93,0,4.4
22/7/2023 7:25,4.4,0,4.4
22/7/2023 7:26,4.4,0,5.87
22/7/2023 7:27,5.87,1.47,5.87
22/7/2023 7:28,7.33,1.47,7.33
22/7/2023 7:29,8.8,2.93,8.8
22/7/2023 7:30,10.3,2.93,8.8
22/7/2023 7:31,11.7,4.4,10.3
22/7/2023 7:32,13.2,5.87,11.7
22/7/2023 7:33,13.2,5.87,13.2
22/7/2023 7:34,14.7,7.33,14.7
22/7/2023 7:35,16.1,7.33,14.7
22/7/2023 7:36,17.6,8.8,16.1
22/7/2023 7:37,20.5,10.3,16.1
22/7/2023 7:38,20.5,11.7,19.1
22/7/2023 7:39,23.5,13.2,22
22/7/2023 7:40,24.9,13.2,22
22/7/2023 7:41,26.4,14.7,24.9
22/7/2023 7:42,27.9,16.1,26.4
22/7/2023 7:43,29.3,17.6,27.9
22/7/2023 7:44,32.3,19.1,29.3
22/7/2023 7:45,33.7,19.1,30.8
22/7/2023 7:46,35.2,20.5,32.3
22/7/2023 7:47,38.1,22,35.2
22/7/2023 7:48,39.6,23.5,36.7
22/7/2023 7:49,41.1,26.4,38.1
22/7/2023 7:50,44,26.4,41.1
22/7/2023 7:51,45.5,27.9,42.5
22/7/2023 7:52,48.4,29.3,44
22/7/2023 7:53,49.9,30.8,45.5
22/7/2023 7:54,51.3,32.3,46.9
22/7/2023 7:55,54.3,33.7,49.9
22/7/2023 7:56,55.7,35.2,51.3
22/7/2023 7:57,58.7,36.7,52.8
22/7/2023 7:58,60.1,38.1,55.7
22/7/2023 7:59,61.6,39.6,57.2
22/7/2023 8:00,64.5,41.1,60.1
22/7/2023 8:01,67.4,42.5,61.6
22/7/2023 8:02,68.9,44,63
22/7/2023 8:03,70.4,45.5,66
22/7/2023 8:04,73.3,46.9,67.4
22/7/2023 8:05,74.8,48.4,70.4
22/7/2023 8:06,77.7,51.3,70.4
22/7/2023 8:07,77.7,51.3,73.3
22/7/2023 8:08,79.2,52.8,76.2
22/7/2023 8:09,82.1,54.3,79.2
22/7/2023 8:10,83.6,55.7,82.1
22/7/2023 8:11,86.5,58.7,85
22/7/2023 8:12,89.4,58.7,89.4
22/7/2023 8:13,89.4,60.1,93.8
22/7/2023 8:14,93.8,61.6,96.8
22/7/2023 8:15,95.3,104,103
22/7/2023 8:16,98.2,109,107
22/7/2023 8:17,101,113,111
22/7/2023 8:18,103,117,117
22/7/2023 8:19,106,122,122
22/7/2023 8:20,107,126,128
22/7/2023 8:21,110,132,132
22/7/2023 8:22,113,136,139
22/7/2023 8:23,114,144,147
22/7/2023 8:24,117,150,155
22/7/2023 8:25,122,158,163
22/7/2023 8:26,125,166,169
22/7/2023 8:27,128,172,164
22/7/2023 8:28,128,169,157
22/7/2023 8:29,129,161,157
22/7/2023 8:30,133,180,188
22/7/2023 8:31,141,204,213
22/7/2023 8:32,145,214,217
22/7/2023 8:33,148,221,224
22/7/2023 8:34,152,229,217
22/7/2023 8:35,152,221,229
22/7/2023 8:36,158,233,257
22/7/2023 8:37,166,258,265
22/7/2023 8:38,172,270,274
22/7/2023 8:39,174,279,271
22/7/2023 8:40,176,276,299
22/7/2023 8:41,185,304,312
22/7/2023 8:42,191,318,324
22/7/2023 8:43,196,330,334
22/7/2023 8:44,199,340,342
22/7/2023 8:45,204,348,336
22/7/2023 8:46,205,343,342
22/7/2023 8:47,208,348,349
22/7/2023 8:48,211,355,353
22/7/2023 8:49,214,359,362
22/7/2023 8:50,217,370,365
22/7/2023 8:51,218,372,368
22/7/2023 8:52,221,375,375
22/7/2023 8:53,227,384,381
22/7/2023 8:54,239,390,384
22/7/2023 8:55,249,393,396
22/7/2023 8:56,260,408,397
22/7/2023 8:57,264,411,402
22/7/2023 8:58,267,413,400
22/7/2023 8:59,267,412,340
22/7/2023 9:00,240,349,248
22/7/2023 9:01,205,260,213
22/7/2023 9:02,188,226,191
22/7/2023 9:03,177,204,186
22/7/2023 9:04,176,201,177
22/7/2023 9:05,174,194,173
22/7/2023 9:06,174,189,170
22/7/2023 9:07,173,189,169
22/7/2023 9:08,174,186,167
22/7/2023 9:09,176,186,167
22/7/2023 9:10,177,188,166
22/7/2023 9:11,179,186,166
22/7/2023 9:12,180,188,161
22/7/2023 9:13,179,186,161
22/7/2023 9:14,183,189,167
22/7/2023 9:15,189,196,183
22/7/2023 9:16,201,214,210
22/7/2023 9:17,218,242,238
22/7/2023 9:18,233,267,261
22/7/2023 9:19,240,286,262
22/7/2023 9:20,235,283,233
22/7/2023 9:21,218,254,223
22/7/2023 9:22,213,245,224
22/7/2023 9:23,211,243,205
22/7/2023 9:24,196,223,189
22/7/2023 9:25,180,205,172
22/7/2023 9:26,166,189,160
22/7/2023 9:27,150,174,148
22/7/2023 9:28,133,157,133
22/7/2023 9:29,113,139,114
22/7/2023 9:30,89.4,117,93.8
22/7/2023 9:31,64.5,92.4,66
22/7/2023 9:32,41.1,63,45.5
22/7/2023 9:33,23.5,41.1,32.3
22/7/2023 9:34,14.7,27.9,22
22/7/2023 9:35,8.8,17.6,16.1
22/7/2023 9:36,5.87,11.7,11.7
22/7/2023 9:37,4.4,7.33,10.3
22/7/2023 9:38,4.4,5.87,7.33
22/7/2023 9:39,4.4,2.93,5.87
22/7/2023 9:40,4.4,2.93,4.4
22/7/2023 9:41,5.87,1.47,5.87
22/7/2023 9:42,8.8,2.93,5.87
22/7/2023 9:43,10.3,4.4,7.33
22/7/2023 9:44,10.3,4.4,8.8
22/7/2023 9:45,13.2,5.87,10.3
22/7/2023 9:46,17.6,8.8,13.2
22/7/2023 9:47,22,11.7,19.1
22/7/2023 9:48,26.4,17.6,24.9
22/7/2023 9:49,35.2,24.9,30.8
22/7/2023 9:50,39.6,32.3,33.7
22/7/2023 9:51,39.6,35.2,36.7
22/7/2023 9:52,45.5,39.6,38.1
22/7/2023 9:53,46.9,39.6,36.7
22/7/2023 9:54,49.9,41.1,33.7
22/7/2023 9:55,46.9,39.6,30.8
22/7/2023 9:56,44,36.7,30.8
22/7/2023 9:57,45.5,35.2,32.3
22/7/2023 9:58,44,36.7,35.2
22/7/2023 9:59,49.9,41.1,38.1
22/7/2023 10:00,52.8,44,42.5
22/7/2023 10:01,58.7,54.3,46.9
22/7/2023 10:02,64.5,63,57.2
22/7/2023 10:03,76.2,77.7,66
22/7/2023 10:04,89.4,92.4,79.2
22/7/2023 10:05,99.7,106,89.4
22/7/2023 10:06,111,117,99.7
22/7/2023 10:07,120,129,106
22/7/2023 10:08,123,132,110
22/7/2023 10:09,126,136,110
22/7/2023 10:10,125,136,110
22/7/2023 10:11,125,136,110
22/7/2023 10:12,126,136,113
22/7/2023 10:13,125,136,116
22/7/2023 10:14,126,138,116
22/7/2023 10:15,125,135,122
22/7/2023 10:16,126,139,125
22/7/2023 10:17,129,141,128
22/7/2023 10:18,132,145,129
22/7/2023 10:19,130,145,130
22/7/2023 10:20,132,144,130
22/7/2023 10:21,130,144,132
22/7/2023 10:22,130,144,132
22/7/2023 10:23,128,142,130
22/7/2023 10:24,126,139,130
22/7/2023 10:25,126,141,130
22/7/2023 10:26,125,142,135
22/7/2023 10:27,128,144,136
22/7/2023 10:28,128,145,136
22/7/2023 10:29,128,147,138
22/7/2023 10:30,125,147,141
22/7/2023 10:31,125,145,139
22/7/2023 10:32,122,144,138
22/7/2023 10:33,120,142,135
22/7/2023 10:34,117,139,133
22/7/2023 10:35,114,138,132
22/7/2023 10:36,113,135,132
22/7/2023 10:37,113,135,130
22/7/2023 10:38,111,133,133
22/7/2023 10:39,111,133,133
22/7/2023 10:40,111,133,133
22/7/2023 10:41,113,135,135
22/7/2023 10:42,114,135,135
22/7/2023 10:43,114,136,136
22/7/2023 10:44,116,136,138
22/7/2023 10:45,120,138,141
22/7/2023 10:46,120,141,141
22/7/2023 10:47,122,141,141
22/7/2023 10:48,123,142,141
22/7/2023 10:49,123,142,141
22/7/2023 10:50,125,141,141
22/7/2023 10:51,125,142,141
22/7/2023 10:52,125,141,141
22/7/2023 10:53,125,141,139
22/7/2023 10:54,123,141,139
22/7/2023 10:55,123,139,138
22/7/2023 10:56,123,139,139
22/7/2023 10:57,123,138,139
22/7/2023 10:58,125,139,141
22/7/2023 10:59,125,139,141
22/7/2023 11:00,126,139,142
22/7/2023 11:01,126,141,142
22/7/2023 11:02,128,142,145
22/7/2023 11:03,129,145,148
22/7/2023 11:04,133,147,151
22/7/2023 11:05,135,150,154
22/7/2023 11:06,139,152,157
22/7/2023 11:07,141,157,161
22/7/2023 11:08,144,160,161
22/7/2023 11:09,147,163,164
22/7/2023 11:10,148,166,167
22/7/2023 11:11,148,167,169
22/7/2023 11:12,150,169,170
22/7/2023 11:13,150,170,170
22/7/2023 11:14,148,170,170
22/7/2023 11:15,147,170,170
22/7/2023 11:16,147,170,170
22/7/2023 11:17,147,170,170
22/7/2023 11:18,145,170,169
22/7/2023 11:19,145,169,169
22/7/2023 11:20,147,169,169
22/7/2023 11:21,147,170,169
22/7/2023 11:22,148,172,172
22/7/2023 11:23,150,173,173
22/7/2023 11:24,151,173,173
22/7/2023 11:25,152,174,173
22/7/2023 11:26,154,173,172
22/7/2023 11:27,154,173,170
22/7/2023 11:28,154,172,170
22/7/2023 11:29,151,170,169
22/7/2023 11:30,152,169,167
22/7/2023 11:31,152,169,169
22/7/2023 11:32,154,169,170
22/7/2023 11:33,158,172,173
22/7/2023 11:34,163,174,177
22/7/2023 11:35,167,179,182
22/7/2023 11:36,174,185,188
22/7/2023 11:37,180,191,195
22/7/2023 11:38,188,198,202
22/7/2023 11:39,194,205,211
22/7/2023 11:40,204,213,218
22/7/2023 11:41,211,223,226
22/7/2023 11:42,218,229,230
22/7/2023 11:43,221,233,233
22/7/2023 11:44,224,238,236
22/7/2023 11:45,226,239,239
22/7/2023 11:46,227,242,242
22/7/2023 11:47,230,245,245
22/7/2023 11:48,235,248,249
22/7/2023 11:49,239,254,255
22/7/2023 11:50,245,260,265
22/7/2023 11:51,254,268,277
22/7/2023 11:52,265,280,284
22/7/2023 11:53,273,290,286
22/7/2023 11:54,271,290,283
22/7/2023 11:55,265,284,274
22/7/2023 11:56,255,276,267
22/7/2023 11:57,246,268,265
22/7/2023 11:58,243,264,262
22/7/2023 11:59,240,264,262
22/7/2023 12:00,240,262,261
22/7/2023 12:01,239,261,258
22/7/2023 12:02,238,258,258
22/7/2023 12:03,236,257,257
22/7/2023 12:04,235,255,254
22/7/2023 12:05,235,254,252
22/7/2023 12:06,233,252,251
22/7/2023 12:07,233,249,248
22/7/2023 12:08,232,248,248
22/7/2023 12:09,235,248,252
22/7/2023 12:10,242,252,260
22/7/2023 12:11,251,261,268
22/7/2023 12:12,260,270,279
22/7/2023 12:13,270,280,286
22/7/2023 12:14,276,289,290
22/7/2023 12:15,282,292,290
22/7/2023 12:16,283,293,296
22/7/2023 12:17,287,301,299
22/7/2023 12:18,292,305,295
22/7/2023 12:19,283,299,284
22/7/2023 12:20,270,284,282
22/7/2023 12:21,265,280,280
22/7/2023 12:22,268,282,279
22/7/2023 12:23,264,277,262
22/7/2023 12:24,245,262,233
22/7/2023 12:25,216,233,211
22/7/2023 12:26,189,210,192
22/7/2023 12:27,172,191,180
22/7/2023 12:28,161,179,173
22/7/2023 12:29,152,170,166
22/7/2023 12:30,145,164,158
22/7/2023 12:31,141,158,151
22/7/2023 12:32,135,152,150
22/7/2023 12:33,135,150,154
22/7/2023 12:34,139,152,161
22/7/2023 12:35,145,160,169
22/7/2023 12:36,154,169,173
22/7/2023 12:37,157,173,174
22/7/2023 12:38,158,173,173
22/7/2023 12:39,157,172,173
22/7/2023 12:40,158,172,174
22/7/2023 12:41,160,177,176
22/7/2023 12:42,163,179,177
22/7/2023 12:43,167,182,180
22/7/2023 12:44,170,185,182
22/7/2023 12:45,172,185,182
22/7/2023 12:46,173,186,183
22/7/2023 12:47,174,188,185
22/7/2023 12:48,176,191,188
22/7/2023 12:49,179,191,186
22/7/2023 12:50,177,188,185
22/7/2023 12:51,176,188,183
22/7/2023 12:52,177,188,183
22/7/2023 12:53,174,188,180
22/7/2023 12:54,173,186,177
22/7/2023 12:55,172,183,176
22/7/2023 12:56,169,182,173
22/7/2023 12:57,164,176,167
22/7/2023 12:58,161,172,164
22/7/2023 12:59,157,167,161
22/7/2023 13:00,154,163,155
22/7/2023 13:01,151,158,151
22/7/2023 13:02,145,154,144
22/7/2023 13:03,141,150,144
22/7/2023 13:04,139,145,142
22/7/2023 13:05,139,144,142
22/7/2023 13:06,138,142,141
22/7/2023 13:07,136,141,139
22/7/2023 13:08,136,139,138
22/7/2023 13:09,135,138,136
22/7/2023 13:10,133,138,136
22/7/2023 13:11,135,138,136
22/7/2023 13:12,135,135,136
22/7/2023 13:13,135,136,136
22/7/2023 13:14,136,136,138
22/7/2023 13:15,136,138,138
22/7/2023 13:16,138,139,139
22/7/2023 13:17,139,142,141
22/7/2023 13:18,141,144,141
22/7/2023 13:19,142,144,141
22/7/2023 13:20,141,144,135
22/7/2023 13:21,136,136,132
22/7/2023 13:22,135,133,133
22/7/2023 13:23,138,136,141
22/7/2023 13:24,147,145,150
22/7/2023 13:25,152,151,154
22/7/2023 13:26,157,155,157
22/7/2023 13:27,160,160,158
22/7/2023 13:28,163,161,160
22/7/2023 13:29,163,164,161
22/7/2023 13:30,166,166,164
22/7/2023 13:31,167,166,164
22/7/2023 13:32,169,169,167
22/7/2023 13:33,170,170,167
22/7/2023 13:34,172,170,169
22/7/2023 13:35,172,172,169
22/7/2023 13:36,176,174,172
22/7/2023 13:37,176,176,173
22/7/2023 13:38,179,177,174
22/7/2023 13:39,182,179,177
22/7/2023 13:40,183,182,180
22/7/2023 13:41,186,183,182
22/7/2023 13:42,191,188,185
22/7/2023 13:43,194,191,189
22/7/2023 13:44,198,195,194
22/7/2023 13:45,202,198,198
22/7/2023 13:46,207,202,201
22/7/2023 13:47,210,207,204
22/7/2023 13:48,214,211,208
22/7/2023 13:49,217,214,210
22/7/2023 13:50,220,217,213
22/7/2023 13:51,221,218,214
22/7/2023 13:52,224,221,216
22/7/2023 13:53,226,223,217
22/7/2023 13:54,226,224,218
22/7/2023 13:55,227,226,220
22/7/2023 13:56,230,227,221
22/7/2023 13:57,232,230,224
22/7/2023 13:58,235,233,227
22/7/2023 13:59,236,235,227
22/7/2023 14:00,240,239,232
22/7/2023 14:01,243,242,236
22/7/2023 14:02,248,246,239
22/7/2023 14:03,249,249,240
22/7/2023 14:04,252,252,245
22/7/2023 14:05,255,257,249
22/7/2023 14:06,258,258,252
22/7/2023 14:07,261,261,255
22/7/2023 14:08,262,264,258
22/7/2023 14:09,267,268,262
22/7/2023 14:10,271,271,265
22/7/2023 14:11,274,277,273
22/7/2023 14:12,282,283,282
22/7/2023 14:13,290,290,289
22/7/2023 14:14,296,301,301
22/7/2023 14:15,306,311,314
22/7/2023 14:16,320,327,330
22/7/2023 14:17,336,343,365
22/7/2023 14:18,365,378,419
22/7/2023 14:19,413,434,475
22/7/2023 14:20,465,491,523
22/7/2023 14:21,504,538,541
22/7/2023 14:22,522,557,566
22/7/2023 14:23,541,582,573
22/7/2023 14:24,544,588,516
22/7/2023 14:25,493,531,452
22/7/2023 14:26,428,460,444
22/7/2023 14:27,425,455,477
22/7/2023 14:28,450,487,479
22/7/2023 14:29,452,488,437
22/7/2023 14:30,413,443,578
22/7/2023 14:31,537,588,607
22/7/2023 14:32,565,620,782
22/7/2023 14:33,704,789,805
22/7/2023 14:34,735,821,743
22/7/2023 14:35,685,761,802
22/7/2023 14:36,739,826,720
22/7/2023 14:37,663,738,723
22/7/2023 14:38,658,735,786
22/7/2023 14:39,724,808,811
22/7/2023 14:40,745,830,840
22/7/2023 14:41,768,862,764
22/7/2023 14:42,698,777,786
22/7/2023 14:43,716,801,808
22/7/2023 14:44,727,814,846
22/7/2023 14:45,770,864,887
22/7/2023 14:46,809,908,903
22/7/2023 14:47,821,922,991
22/7/2023 14:48,894,1012,1003
22/7/2023 14:49,903,1028,971
22/7/2023 14:50,875,994,969
22/7/2023 14:51,870,990,1003
22/7/2023 14:52,900,1025,1010
22/7/2023 14:53,902,1031,987
22/7/2023 14:54,875,1003,990
22/7/2023 14:55,878,1009,1016
22/7/2023 14:56,893,1026,1044
22/7/2023 14:57,913,1054,1072
22/7/2023 14:58,940,1094,1013
22/7/2023 14:59,909,1044,1087
22/7/2023 15:00,950,1107,1076
22/7/2023 15:01,946,1103,1125
22/7/2023 15:02,985,1154,975
22/7/2023 15:03,872,1009,663
22/7/2023 15:04,641,704,1067
22/7/2023 15:05,875,1050,651
22/7/2023 15:06,582,664,913
22/7/2023 15:07,818,952,903
22/7/2023 15:08,755,899,1023
22/7/2023 15:09,875,1035,582
22/7/2023 15:10,510,585,674
22/7/2023 15:11,603,695,875
22/7/2023 15:12,777,908,1122
22/7/2023 15:13,974,1155,1107
22/7/2023 15:14,956,1139,1031
22/7/2023 15:15,893,1065,935
22/7/2023 15:16,783,937,952
22/7/2023 15:17,801,960,1073
22/7/2023 15:18,919,1111,963
22/7/2023 15:19,828,993,981
22/7/2023 15:20,843,1012,953
22/7/2023 15:21,815,984,796
22/7/2023 15:22,680,820,887
22/7/2023 15:23,752,918,839
22/7/2023 15:24,702,861,771
22/7/2023 15:25,650,796,878
22/7/2023 15:26,730,906,953
22/7/2023 15:27,787,985,969
22/7/2023 15:28,796,997,974
22/7/2023 15:29,793,999,969
22/7/2023 15:30,789,997,971
22/7/2023 15:31,784,997,965
22/7/2023 15:32,780,994,965
22/7/2023 15:33,773,991,956
22/7/2023 15:34,758,994,957
22/7/2023 15:35,757,996,949
22/7/2023 15:36,749,981,937
22/7/2023 15:37,739,969,922
22/7/2023 15:38,724,955,918
22/7/2023 15:39,717,952,931
22/7/2023 15:40,726,968,927
22/7/2023 15:41,721,963,935
22/7/2023 15:42,724,977,943
22/7/2023 15:43,720,972,943
22/7/2023 15:44,724,981,947
22/7/2023 15:45,727,987,924
22/7/2023 15:46,711,965,899
22/7/2023 15:47,694,938,852
22/7/2023 15:48,657,890,773
22/7/2023 15:49,598,806,724
22/7/2023 15:50,562,752,685
22/7/2023 15:51,537,717,623
22/7/2023 15:52,491,652,614
22/7/2023 15:53,490,647,613
22/7/2023 15:54,490,642,569
22/7/2023 15:55,455,592,589
22/7/2023 15:56,475,619,569
22/7/2023 15:57,460,595,547
22/7/2023 15:58,447,573,535
22/7/2023 15:59,441,563,531
22/7/2023 16:00,440,557,567
22/7/2023 16:01,471,601,535
22/7/2023 16:02,449,565,523
22/7/2023 16:03,443,556,556
22/7/2023 16:04,466,587,522
22/7/2023 16:05,443,553,491
22/7/2023 16:06,424,522,485
22/7/2023 16:07,422,516,466
22/7/2023 16:08,409,497,438
22/7/2023 16:09,390,468,422
22/7/2023 16:10,380,450,409
22/7/2023 16:11,372,440,386
22/7/2023 16:12,358,416,374
22/7/2023 16:13,352,406,358
22/7/2023 16:14,340,390,340
22/7/2023 16:15,330,372,328
22/7/2023 16:16,321,359,324
22/7/2023 16:17,320,359,327
22/7/2023 16:18,323,362,323
22/7/2023 16:19,318,356,312
22/7/2023 16:20,311,346,317
22/7/2023 16:21,315,350,311
22/7/2023 16:22,312,348,308
22/7/2023 16:23,309,343,298
22/7/2023 16:24,304,334,304
22/7/2023 16:25,306,339,308
22/7/2023 16:26,311,345,317
22/7/2023 16:27,317,353,311
22/7/2023 16:28,312,346,296
22/7/2023 16:29,302,333,292
22/7/2023 16:30,301,328,296
22/7/2023 16:31,301,330,299
22/7/2023 16:32,305,336,296
22/7/2023 16:33,302,333,302
22/7/2023 16:34,304,337,293
22/7/2023 16:35,296,327,287
22/7/2023 16:36,292,323,280
22/7/2023 16:37,286,314,270
22/7/2023 16:38,283,308,265
22/7/2023 16:39,277,301,261
22/7/2023 16:40,273,296,252
22/7/2023 16:41,267,289,249
22/7/2023 16:42,262,282,238
22/7/2023 16:43,255,273,227
22/7/2023 16:44,245,262,218
22/7/2023 16:45,240,255,207
22/7/2023 16:46,229,240,198
22/7/2023 16:47,224,232,199
22/7/2023 16:48,224,233,194
22/7/2023 16:49,220,229,188
22/7/2023 16:50,216,221,182
22/7/2023 16:51,210,216,176
22/7/2023 16:52,204,210,172
22/7/2023 16:53,199,204,170
22/7/2023 16:54,198,201,164
22/7/2023 16:55,195,198,160
22/7/2023 16:56,191,194,157
22/7/2023 16:57,188,189,154
22/7/2023 16:58,183,186,151
22/7/2023 16:59,180,182,145
22/7/2023 17:00,176,179,142
22/7/2023 17:01,174,174,139
22/7/2023 17:02,170,170,136
22/7/2023 17:03,167,167,133
22/7/2023 17:04,164,164,132
22/7/2023 17:05,161,160,129
22/7/2023 17:06,158,157,126
22/7/2023 17:07,155,154,125
22/7/2023 17:08,152,151,123
22/7/2023 17:09,150,148,119
22/7/2023 17:10,147,145,117
22/7/2023 17:11,144,142,114
22/7/2023 17:12,139,139,113
22/7/2023 17:13,136,135,110
22/7/2023 17:14,133,132,107
22/7/2023 17:15,130,129,106
22/7/2023 17:16,126,126,103
22/7/2023 17:17,125,123,101
22/7/2023 17:18,122,120,96.8
22/7/2023 17:19,119,119,96.8
22/7/2023 17:20,117,116,93.8
22/7/2023 17:21,114,114,92.4
22/7/2023 17:22,113,111,90.9
22/7/2023 17:23,110,109,89.4
22/7/2023 17:24,109,107,88
22/7/2023 17:25,107,106,86.5
22/7/2023 17:26,104,103,83.6
22/7/2023 17:27,103,101,83.6
22/7/2023 17:28,103,99.7,80.6
22/7/2023 17:29,99.7,98.2,80.6
22/7/2023 17:30,99.7,96.8,79.2
22/7/2023 17:31,98.2,96.8,79.2
22/7/2023 17:32,96.8,95.3,77.7
22/7/2023 17:33,96.8,93.8,76.2
22/7/2023 17:34,95.3,92.4,74.8
22/7/2023 17:35,93.8,92.4,74.8
22/7/2023 17:36,92.4,90.9,74.8
22/7/2023 17:37,92.4,92.4,73.3
22/7/2023 17:38,90.9,89.4,73.3
22/7/2023 17:39,90.9,89.4,71.8
22/7/2023 17:40,89.4,88,70.4
22/7/2023 17:41,88,88,70.4
22/7/2023 17:42,88,86.5,70.4
22/7/2023 17:43,88,85,70.4
22/7/2023 17:44,88,86.5,68.9
22/7/2023 17:45,86.5,86.5,70.4
22/7/2023 17:46,86.5,85,67.4
22/7/2023 17:47,86.5,85,67.4
22/7/2023 17:48,86.5,85,67.4
22/7/2023 17:49,86.5,85,67.4
22/7/2023 17:50,85,85,67.4
22/7/2023 17:51,86.5,85,66
22/7/2023 17:52,85,83.6,66
22/7/2023 17:53,86.5,83.6,66
22/7/2023 17:54,85,85,66
22/7/2023 17:55,85,85,66
22/7/2023 17:56,85,85,63
22/7/2023 17:57,86.5,83.6,66
22/7/2023 17:58,85,85,64.5
22/7/2023 17:59,86.5,83.6,66
22/7/2023 18:00,85,83.6,64.5
22/7/2023 18:01,85,83.6,64.5
22/7/2023 18:02,85,83.6,63
22/7/2023 18:03,83.6,83.6,64.5
22/7/2023 18:04,83.6,82.1,63
22/7/2023 18:05,83.6,82.1,63
22/7/2023 18:06,83.6,82.1,63
22/7/2023 18:07,82.1,80.6,61.6
22/7/2023 18:08,80.6,79.2,61.6
22/7/2023 18:09,80.6,79.2,61.6
22/7/2023 18:10,79.2,77.7,61.6
22/7/2023 18:11,79.2,76.2,60.1
22/7/2023 18:12,77.7,76.2,60.1
22/7/2023 18:13,74.8,74.8,58.7
22/7/2023 18:14,74.8,73.3,57.2
22/7/2023 18:15,73.3,71.8,58.7
22/7/2023 18:16,71.8,70.4,57.2
22/7/2023 18:17,70.4,70.4,57.2
22/7/2023 18:18,68.9,68.9,55.7
22/7/2023 18:19,68.9,67.4,55.7
22/7/2023 18:20,66,66,54.3
22/7/2023 18:21,66,66,52.8
22/7/2023 18:22,64.5,64.5,52.8
22/7/2023 18:23,63,63,51.3
22/7/2023 18:24,61.6,61.6,51.3
22/7/2023 18:25,61.6,60.1,49.9
22/7/2023 18:26,60.1,60.1,48.4
22/7/2023 18:27,58.7,60.1,48.4
22/7/2023 18:28,57.2,57.2,48.4
22/7/2023 18:29,57.2,57.2,45.5
22/7/2023 18:30,55.7,55.7,45.5
22/7/2023 18:31,55.7,55.7,45.5
22/7/2023 18:32,54.3,54.3,45.5
22/7/2023 18:33,54.3,52.8,45.5
22/7/2023 18:34,52.8,52.8,44
22/7/2023 18:35,51.3,51.3,42.5
22/7/2023 18:36,51.3,49.9,42.5
22/7/2023 18:37,49.9,48.4,42.5
22/7/2023 18:38,48.4,48.4,41.1
22/7/2023 18:39,46.9,46.9,41.1
22/7/2023 18:40,45.5,45.5,38.1
22/7/2023 18:41,44,44,38.1
22/7/2023 18:42,42.5,42.5,36.7
22/7/2023 18:43,41.1,42.5,33.7
22/7/2023 18:44,39.6,41.1,35.2
22/7/2023 18:45,38.1,39.6,35.2
22/7/2023 18:46,38.1,38.1,33.7
22/7/2023 18:47,35.2,36.7,32.3
22/7/2023 18:48,35.2,35.2,32.3
22/7/2023 18:49,33.7,33.7,30.8
22/7/2023 18:50,32.3,32.3,30.8
22/7/2023 18:51,30.8,30.8,30.8
22/7/2023 18:52,30.8,30.8,27.9
22/7/2023 18:53,29.3,29.3,30.8
22/7/2023 18:54,27.9,29.3,29.3
22/7/2023 18:55,27.9,27.9,29.3
22/7/2023 18:56,27.9,27.9,30.8
22/7/2023 18:57,26.4,26.4,30.8
22/7/2023 18:58,26.4,26.4,29.3
22/7/2023 18:59,24.9,26.4,30.8
22/7/2023 19:00,26.4,24.9,29.3
22/7/2023 19:01,24.9,24.9,30.8
22/7/2023 19:02,24.9,24.9,32.3
22/7/2023 19:03,24.9,24.9,32.3
22/7/2023 19:04,24.9,24.9,33.7
22/7/2023 19:05,24.9,26.4,32.3
22/7/2023 19:06,24.9,26.4,33.7
22/7/2023 19:07,24.9,26.4,33.7
22/7/2023 19:08,24.9,24.9,32.3
22/7/2023 19:09,24.9,24.9,32.3
22/7/2023 19:10,23.5,24.9,27.9
22/7/2023 19:11,22,23.5,27.9
22/7/2023 19:12,20.5,20.5,23.5
22/7/2023 19:13,17.6,19.1,22
22/7/2023 19:14,16.1,14.7,17.6
22/7/2023 19:15,14.7,13.2,17.6
22/7/2023 19:16,11.7,11.7,16.1
22/7/2023 19:17,10.3,10.3,13.2
22/7/2023 19:18,10.3,8.8,11.7
22/7/2023 19:19,8.8,7.33,8.8
22/7/2023 19:20,5.87,4.4,7.33
22/7/2023 19:21,4.4,2.93,5.87
22/7/2023 19:22,2.93,1.47,4.4
22/7/2023 19:23,1.47,0,2.93
22/7/2023 19:24,0,0,2.93
22/7/2023 19:25,0,0,1.47
22/7/2023 19:26,0,0,0
22/7/2023 19:27,0,0,0
22/7/2023 19:28,0,0,0
22/7/2023 19:29,0,0,0
22/7/2023 19:30,0,0,0
22/7/2023 19:31,0,0,0
22/7/2023 19:32,0,0,0
22/7/2023 19:33,0,0,0
22/7/2023 19:34,0,0,0
22/7/2023 19:35,0,0,0
22/7/2023 19:36,0,0,0
22/7/2023 19:37,0,0,0
22/7/2023 19:38,0,0,0
22/7/2023 19:39,0,0,0
22/7/2023 19:40,0,0,0
22/7/2023 19:41,0,0,0
22/7/2023 19:42,0,0,0
22/7/2023 19:43,0,0,0
22/7/2023 19:44,0,0,0
22/7/2023 19:45,0,0,0
22/7/2023 19:46,0,0,0
22/7/2023 19:47,0,0,0
22/7/2023 19:48,0,0,0
22/7/2023 19:49,0,0,0
22/7/2023 19:50,0,0,0
22/7/2023 19:51,0,0,0
22/7/2023 19:52,0,0,0
22/7/2023 19:53,0,0,0
22/7/2023 19:54,0,0,0
22/7/2023 19:55,0,0,0
22/7/2023 19:56,0,0,0
22/7/2023 19:57,0,0,0
22/7/2023 19:58,0,0,0
22/7/2023 19:59,0,0,0
22/7/2023 20:00,0,0,0
22/7/2023 20:01,0,0,0
22/7/2023 20:02,0,0,0
22/7/2023 20:03,0,0,0
22/7/2023 20:04,0,0,0
22/7/2023 20:05,0,0,0
22/7/2023 20:06,0,0,0
22/7/2023 20:07,0,0,0
22/7/2023 20:08,0,0,0
22/7/2023 20:09,0,0,0
22/7/2023 20:10,0,0,0
22/7/2023 20:11,0,0,0
22/7/2023 20:12,0,0,0
22/7/2023 20:13,0,0,0
22/7/2023 20:14,0,0,0
22/7/2023 20:15,0,0,0
22/7/2023 20:16,0,0,0
22/7/2023 20:17,0,0,0
22/7/2023 20:18,0,0,0
22/7/2023 20:19,0,0,0
22/7/2023 20:20,0,0,0
22/7/2023 20:21,0,0,0
22/7/2023 20:22,0,0,0
22/7/2023 20:23,0,0,0
22/7/2023 20:24,0,0,0
22/7/2023 20:25,0,0,0
22/7/2023 20:26,0,0,0
22/7/2023 20:27,0,0,0
22/7/2023 20:28,0,0,0
22/7/2023 20:29,0,0,0
22/7/2023 20:30,0,0,0
22/7/2023 20:31,0,0,0
22/7/2023 20:32,0,0,0
22/7/2023 20:33,0,0,0
22/7/2023 20:34,0,0,0
22/7/2023 20:35,0,0,0
22/7/2023 20:36,0,0,0
22/7/2023 20:37,0,0,0
22/7/2023 20:38,0,0,0
22/7/2023 20:39,0,0,0
22/7/2023 20:40,0,0,0
22/7/2023 20:41,0,0,0
22/7/2023 20:42,0,0,0
22/7/2023 20:43,0,0,0
22/7/2023 20:44,0,0,0
22/7/2023 20:45,0,0,0
22/7/2023 20:46,0,0,0
22/7/2023 20:47,0,0,0
22/7/2023 20:48,0,0,0
22/7/2023 20:49,0,0,0
22/7/2023 20:50,0,0,0
22/7/2023 20:51,0,0,0
22/7/2023 20:52,0,0,0
22/7/2023 20:53,0,0,0
22/7/2023 20:54,0,0,0
22/7/2023 20:55,0,0,0
22/7/2023 20:56,0,0,0
22/7/2023 20:57,0,0,0
22/7/2023 20:58,0,0,0
22/7/2023 20:59,0,0,0
22/7/2023 21:00,0,0,0
22/7/2023 21:01,0,0,0
22/7/2023 21:02,0,0,0
22/7/2023 21:03,0,0,0
22/7/2023 21:04,0,0,0
22/7/2023 21:05,0,0,0
22/7/2023 21:06,0,0,0
22/7/2023 21:07,0,0,0
22/7/2023 21:08,0,0,0
22/7/2023 21:09,0,0,0
22/7/2023 21:10,0,0,0
22/7/2023 21:11,0,0,0
22/7/2023 21:12,0,0,0
22/7/2023 21:13,0,0,0
22/7/2023 21:14,0,0,0
22/7/2023 21:15,0,0,0
22/7/2023 21:16,0,0,0
22/7/2023 21:17,0,0,0
22/7/2023 21:18,0,0,0
22/7/2023 21:19,0,0,0
22/7/2023 21:20,0,0,0
22/7/2023 21:21,0,0,0
22/7/2023 21:22,0,0,0
22/7/2023 21:23,0,0,0
22/7/2023 21:24,0,0,0
22/7/2023 21:25,0,0,0
22/7/2023 21:26,0,0,0
22/7/2023 21:27,0,0,0
22/7/2023 21:28,0,0,0
22/7/2023 21:29,0,0,0
22/7/2023 21:30,0,0,0
22/7/2023 21:31,0,0,0
22/7/2023 21:32,0,0,0
22/7/2023 21:33,0,0,0
22/7/2023 21:34,0,0,0
22/7/2023 21:35,0,0,0
22/7/2023 21:36,0,0,0
22/7/2023 21:37,0,0,0
22/7/2023 21:38,0,0,0
22/7/2023 21:39,0,0,0
22/7/2023 21:40,0,0,0
22/7/2023 21:41,0,0,0
22/7/2023 21:42,0,0,0
22/7/2023 21:43,0,0,0
22/7/2023 21:44,0,0,0
22/7/2023 21:45,0,0,0
22/7/2023 21:46,0,0,0
22/7/2023 21:47,0,0,0
22/7/2023 21:48,0,0,0
22/7/2023 21:49,0,0,0
22/7/2023 21:50,0,0,0
22/7/2023 21:51,0,0,0
22/7/2023 21:52,0,0,0
22/7/2023 21:53,0,0,0
22/7/2023 21:54,0,0,0
22/7/2023 21:55,0,0,0
22/7/2023 21:56,0,0,0
22/7/2023 21:57,0,0,0
22/7/2023 21:58,0,0,0
22/7/2023 21:59,0,0,0
22/7/2023 22:00,0,0,0
22/7/2023 22:01,0,0,0
22/7/2023 22:02,0,0,0
22/7/2023 22:03,0,0,0
22/7/2023 22:04,0,0,0
22/7/2023 22:05,0,0,0
22/7/2023 22:06,0,0,0
22/7/2023 22:07,0,0,0
22/7/2023 22:08,0,0,0
22/7/2023 22:09,0,0,0
22/7/2023 22:10,0,0,0
22/7/2023 22:11,0,0,0
22/7/2023 22:12,0,0,0
22/7/2023 22:13,0,0,0
22/7/2023 22:14,0,0,0
22/7/2023 22:15,0,0,0
22/7/2023 22:16,0,0,0
22/7/2023 22:17,0,0,0
22/7/2023 22:18,0,0,0
22/7/2023 22:19,0,0,0
22/7/2023 22:20,0,0,0
22/7/2023 22:21,0,0,0
22/7/2023 22:22,0,0,0
22/7/2023 22:23,0,0,0
22/7/2023 22:24,0,0,0
22/7/2023 22:25,0,0,0
22/7/2023 22:26,0,0,0
22/7/2023 22:27,0,0,0
22/7/2023 22:28,0,0,0
22/7/2023 22:29,0,0,0
22/7/2023 22:30,0,0,0
22/7/2023 22:31,0,0,0
22/7/2023 22:32,0,0,0
22/7/2023 22:33,0,0,0
22/7/2023 22:34,0,0,0
22/7/2023 22:35,0,0,0
22/7/2023 22:36,0,0,0
22/7/2023 22:37,0,0,0
22/7/2023 22:38,0,0,0
22/7/2023 22:39,0,0,0
22/7/2023 22:40,0,0,0
22/7/2023 22:41,0,0,0
22/7/2023 22:42,0,0,0
22/7/2023 22:43,0,0,0
22/7/2023 22:44,0,0,0
22/7/2023 22:45,0,0,0
22/7/2023 22:46,0,0,0
22/7/2023 22:47,0,0,0
22/7/2023 22:48,0,0,0
22/7/2023 22:49,0,0,0
22/7/2023 22:50,0,0,0
22/7/2023 22:51,0,0,0
22/7/2023 22:52,0,0,0
22/7/2023 22:53,0,0,0
22/7/2023 22:54,0,0,0
22/7/2023 22:55,0,0,0
22/7/2023 22:56,0,0,0
22/7/2023 22:57,0,0,0
22/7/2023 22:58,0,0,0
22/7/2023 22:59,0,0,0
22/7/2023 23:00,0,0,0
22/7/2023 23:01,0,0,0
22/7/2023 23:02,0,0,0
22/7/2023 23:03,0,0,0
22/7/2023 23:04,0,0,0
22/7/2023 23:05,0,0,0
22/7/2023 23:06,0,0,0
22/7/2023 23:07,0,0,0
22/7/2023 23:08,0,0,0
22/7/2023 23:09,0,0,0
22/7/2023 23:10,0,0,0
22/7/2023 23:11,0,0,0
22/7/2023 23:12,0,0,0
22/7/2023 23:13,0,0,0
22/7/2023 23:14,0,0,0
22/7/2023 23:15,0,0,0
22/7/2023 23:16,0,0,0
22/7/2023 23:17,0,0,0
22/7/2023 23:18,0,0,0
22/7/2023 23:19,0,0,0
22/7/2023 23:20,0,0,0
22/7/2023 23:21,0,0,0
22/7/2023 23:22,0,0,0
22/7/2023 23:23,0,0,0
22/7/2023 23:24,0,0,0
22/7/2023 23:25,0,0,0
22/7/2023 23:26,0,0,0
22/7/2023 23:27,0,0,0
22/7/2023 23:28,0,0,0
22/7/2023 23:29,0,0,0
22/7/2023 23:30,0,0,0
22/7/2023 23:31,0,0,0
22/7/2023 23:32,0,0,0
22/7/2023 23:33,0,0,0
22/7/2023 23:34,0,0,0
22/7/2023 23:35,0,0,0
22/7/2023 23:36,0,0,0
22/7/2023 23:37,0,0,0
22/7/2023 23:38,0,0,0
22/7/2023 23:39,0,0,0
22/7/2023 23:40,0,0,0
22/7/2023 23:41,0,0,0
22/7/2023 23:42,0,0,0
22/7/2023 23:43,0,0,0
22/7/2023 23:44,0,0,0
22/7/2023 23:45,0,0,0
22/7/2023 23:46,0,0,0
22/7/2023 23:47,0,0,0
22/7/2023 23:48,0,0,0
22/7/2023 23:49,0,0,0
22/7/2023 23:50,0,0,0
22/7/2023 23:51,0,0,0
22/7/2023 23:52,0,0,0
22/7/2023 23:53,0,0,0
22/7/2023 23:54,0,0,0
22/7/2023 23:55,0,0,0
22/7/2023 23:56,0,0,0
22/7/2023 23:57,0,0,0
22/7/2023 23:58,0,0,0
22/7/2023 23:59,0,0,0
22/7/2023 23:59,0,0,0
